ano,classe_nivel_1_en,classe_nivel_1,grupo_uso,area_ha,pais,escopo_geografico,nivel_classe,colecao_mapbiomas,unidade_medida,_camada,_arquivo_origem,_data_processamento,_periodo_integracao
2000,1. Forest,1. Floresta,Vegetação Nativa,558642159.22,Brasil,Brasil (nacional),1,10.1,hectares,SILVER,MAPBIOMAS_USOECOBERTURASOLO_coverage10.1.csv,20260623_222212,2000–2024
2000,2. Non Forest Natural Formation,2. Formação Natural Não Florestal,Vegetação Nativa,51097021.67,Brasil,Brasil (nacional),1,10.1,hectares,SILVER,MAPBIOMAS_USOECOBERTURASOLO_coverage10.1.csv,20260623_222212,2000–2024
2000,3. Farming,3. Agropecuária,Agropecuária,217977838.41,Brasil,Brasil (nacional),1,10.1,hectares,SILVER,MAPBIOMAS_USOECOBERTURASOLO_coverage10.1.csv,20260623_222212,2000–2024
2000,4. Non vegetated area,4. Área Não Vegetada,Área Não Vegetada,4653906.93,Brasil,Brasil (nacional),1,10.1,hectares,SILVER,MAPBIOMAS_USOECOBERTURASOLO_coverage10.1.csv,20260623_222212,2000–2024
2000,5. Water and Marine Environment,5. Água e Ambiente Marinho,Água,18309986.73,Brasil,Brasil (nacional),1,10.1,hectares,SILVER,MAPBIOMAS_USOECOBERTURASOLO_coverage10.1.csv,20260623_222212,2000–2024
2000,6. Not Observed,6. Não Observado,Não Observado,3695.75,Brasil,Brasil (nacional),1,10.1,hectares,SILVER,MAPBIOMAS_USOECOBERTURASOLO_coverage10.1.csv,20260623_222212,2000–2024
2001,1. Forest,1. Floresta,Vegetação Nativa,555792008.36,Brasil,Brasil (nacional),1,10.1,hectares,SILVER,MAPBIOMAS_USOECOBERTURASOLO_coverage10.1.csv,20260623_222212,2000–2024
2001,2. Non Forest Natural Formation,2. Formação Natural Não Florestal,Vegetação Nativa,51438309.67,Brasil,Brasil (nacional),1,10.1,hectares,SILVER,MAPBIOMAS_USOECOBERTURASOLO_coverage10.1.csv,20260623_222212,2000–2024
2001,3. Farming,3. Agropecuária,Agropecuária,220988702.13,Brasil,Brasil (nacional),1,10.1,hectares,SILVER,MAPBIOMAS_USOECOBERTURASOLO_coverage10.1.csv,20260623_222212,2000–2024
2001,4. Non vegetated area,4. Área Não Vegetada,Área Não Vegetada,4724663.75,Brasil,Brasil (nacional),1,10.1,hectares,SILVER,MAPBIOMAS_USOECOBERTURASOLO_coverage10.1.csv,20260623_222212,2000–2024
2001,5. Water and Marine Environment,5. Água e Ambiente Marinho,Água,17737257.89,Brasil,Brasil (nacional),1,10.1,hectares,SILVER,MAPBIOMAS_USOECOBERTURASOLO_coverage10.1.csv,20260623_222212,2000–2024
2001,6. Not Observed,6. Não Observado,Não Observado,3666.91,Brasil,Brasil (nacional),1,10.1,hectares,SILVER,MAPBIOMAS_USOECOBERTURASOLO_coverage10.1.csv,20260623_222212,2000–2024
2002,1. Forest,1. Floresta,Vegetação Nativa,552650952.31,Brasil,Brasil (nacional),1,10.1,hectares,SILVER,MAPBIOMAS_USOECOBERTURASOLO_coverage10.1.csv,20260623_222212,2000–2024
2002,2. Non Forest Natural Formation,2. Formação Natural Não Florestal,Vegetação Nativa,50785181.69,Brasil,Brasil (nacional),1,10.1,hectares,SILVER,MAPBIOMAS_USOECOBERTURASOLO_coverage10.1.csv,20260623_222212,2000–2024
2002,3. Farming,3. Agropecuária,Agropecuária,224045846.67,Brasil,Brasil (nacional),1,10.1,hectares,SILVER,MAPBIOMAS_USOECOBERTURASOLO_coverage10.1.csv,20260623_222212,2000–2024
2002,4. Non vegetated area,4. Área Não Vegetada,Área Não Vegetada,4790302.91,Brasil,Brasil (nacional),1,10.1,hectares,SILVER,MAPBIOMAS_USOECOBERTURASOLO_coverage10.1.csv,20260623_222212,2000–2024
2002,5. Water and Marine Environment,5. Água e Ambiente Marinho,Água,18408691.29,Brasil,Brasil (nacional),1,10.1,hectares,SILVER,MAPBIOMAS_USOECOBERTURASOLO_coverage10.1.csv,20260623_222212,2000–2024
2002,6. Not Observed,6. Não Observado,Não Observado,3633.83,Brasil,Brasil (nacional),1,10.1,hectares,SILVER,MAPBIOMAS_USOECOBERTURASOLO_coverage10.1.csv,20260623_222212,2000–2024
2003,1. Forest,1. Floresta,Vegetação Nativa,548489885.77,Brasil,Brasil (nacional),1,10.1,hectares,SILVER,MAPBIOMAS_USOECOBERTURASOLO_coverage10.1.csv,20260623_222212,2000–2024
2003,2. Non Forest Natural Formation,2. Formação Natural Não Florestal,Vegetação Nativa,50938636.29,Brasil,Brasil (nacional),1,10.1,hectares,SILVER,MAPBIOMAS_USOECOBERTURASOLO_coverage10.1.csv,20260623_222212,2000–2024
2003,3. Farming,3. Agropecuária,Agropecuária,228375047.57,Brasil,Brasil (nacional),1,10.1,hectares,SILVER,MAPBIOMAS_USOECOBERTURASOLO_coverage10.1.csv,20260623_222212,2000–2024
2003,4. Non vegetated area,4. Área Não Vegetada,Área Não Vegetada,4863545.86,Brasil,Brasil (nacional),1,10.1,hectares,SILVER,MAPBIOMAS_USOECOBERTURASOLO_coverage10.1.csv,20260623_222212,2000–2024
2003,5. Water and Marine Environment,5. Água e Ambiente Marinho,Água,18013889.46,Brasil,Brasil (nacional),1,10.1,hectares,SILVER,MAPBIOMAS_USOECOBERTURASOLO_coverage10.1.csv,20260623_222212,2000–2024
2003,6. Not Observed,6. Não Observado,Não Observado,3603.76,Brasil,Brasil (nacional),1,10.1,hectares,SILVER,MAPBIOMAS_USOECOBERTURASOLO_coverage10.1.csv,20260623_222212,2000–2024
2004,1. Forest,1. Floresta,Vegetação Nativa,544370117.95,Brasil,Brasil (nacional),1,10.1,hectares,SILVER,MAPBIOMAS_USOECOBERTURASOLO_coverage10.1.csv,20260623_222212,2000–2024
2004,2. Non Forest Natural Formation,2. Formação Natural Não Florestal,Vegetação Nativa,50885507.6,Brasil,Brasil (nacional),1,10.1,hectares,SILVER,MAPBIOMAS_USOECOBERTURASOLO_coverage10.1.csv,20260623_222212,2000–2024
2004,3. Farming,3. Agropecuária,Agropecuária,232393198.14,Brasil,Brasil (nacional),1,10.1,hectares,SILVER,MAPBIOMAS_USOECOBERTURASOLO_coverage10.1.csv,20260623_222212,2000–2024
2004,4. Non vegetated area,4. Área Não Vegetada,Área Não Vegetada,4904684.24,Brasil,Brasil (nacional),1,10.1,hectares,SILVER,MAPBIOMAS_USOECOBERTURASOLO_coverage10.1.csv,20260623_222212,2000–2024
2004,5. Water and Marine Environment,5. Água e Ambiente Marinho,Água,18127541.34,Brasil,Brasil (nacional),1,10.1,hectares,SILVER,MAPBIOMAS_USOECOBERTURASOLO_coverage10.1.csv,20260623_222212,2000–2024
2004,6. Not Observed,6. Não Observado,Não Observado,3559.45,Brasil,Brasil (nacional),1,10.1,hectares,SILVER,MAPBIOMAS_USOECOBERTURASOLO_coverage10.1.csv,20260623_222212,2000–2024
2005,1. Forest,1. Floresta,Vegetação Nativa,541377218.72,Brasil,Brasil (nacional),1,10.1,hectares,SILVER,MAPBIOMAS_USOECOBERTURASOLO_coverage10.1.csv,20260623_222212,2000–2024
2005,2. Non Forest Natural Formation,2. Formação Natural Não Florestal,Vegetação Nativa,50453473.01,Brasil,Brasil (nacional),1,10.1,hectares,SILVER,MAPBIOMAS_USOECOBERTURASOLO_coverage10.1.csv,20260623_222212,2000–2024
2005,3. Farming,3. Agropecuária,Agropecuária,235618306.85,Brasil,Brasil (nacional),1,10.1,hectares,SILVER,MAPBIOMAS_USOECOBERTURASOLO_coverage10.1.csv,20260623_222212,2000–2024
2005,4. Non vegetated area,4. Área Não Vegetada,Área Não Vegetada,4942165.27,Brasil,Brasil (nacional),1,10.1,hectares,SILVER,MAPBIOMAS_USOECOBERTURASOLO_coverage10.1.csv,20260623_222212,2000–2024
2005,5. Water and Marine Environment,5. Água e Ambiente Marinho,Água,18288621.46,Brasil,Brasil (nacional),1,10.1,hectares,SILVER,MAPBIOMAS_USOECOBERTURASOLO_coverage10.1.csv,20260623_222212,2000–2024
2005,6. Not Observed,6. Não Observado,Não Observado,4823.41,Brasil,Brasil (nacional),1,10.1,hectares,SILVER,MAPBIOMAS_USOECOBERTURASOLO_coverage10.1.csv,20260623_222212,2000–2024
2006,1. Forest,1. Floresta,Vegetação Nativa,539042039.62,Brasil,Brasil (nacional),1,10.1,hectares,SILVER,MAPBIOMAS_USOECOBERTURASOLO_coverage10.1.csv,20260623_222212,2000–2024
2006,2. Non Forest Natural Formation,2. Formação Natural Não Florestal,Vegetação Nativa,49750191.81,Brasil,Brasil (nacional),1,10.1,hectares,SILVER,MAPBIOMAS_USOECOBERTURASOLO_coverage10.1.csv,20260623_222212,2000–2024
2006,3. Farming,3. Agropecuária,Agropecuária,238062771.12,Brasil,Brasil (nacional),1,10.1,hectares,SILVER,MAPBIOMAS_USOECOBERTURASOLO_coverage10.1.csv,20260623_222212,2000–2024
2006,4. Non vegetated area,4. Área Não Vegetada,Área Não Vegetada,4968321.13,Brasil,Brasil (nacional),1,10.1,hectares,SILVER,MAPBIOMAS_USOECOBERTURASOLO_coverage10.1.csv,20260623_222212,2000–2024
2006,5. Water and Marine Environment,5. Água e Ambiente Marinho,Água,18857518.34,Brasil,Brasil (nacional),1,10.1,hectares,SILVER,MAPBIOMAS_USOECOBERTURASOLO_coverage10.1.csv,20260623_222212,2000–2024
2006,6. Not Observed,6. Não Observado,Não Observado,3766.7,Brasil,Brasil (nacional),1,10.1,hectares,SILVER,MAPBIOMAS_USOECOBERTURASOLO_coverage10.1.csv,20260623_222212,2000–2024
2007,1. Forest,1. Floresta,Vegetação Nativa,537308261.51,Brasil,Brasil (nacional),1,10.1,hectares,SILVER,MAPBIOMAS_USOECOBERTURASOLO_coverage10.1.csv,20260623_222212,2000–2024
2007,2. Non Forest Natural Formation,2. Formação Natural Não Florestal,Vegetação Nativa,49454861.69,Brasil,Brasil (nacional),1,10.1,hectares,SILVER,MAPBIOMAS_USOECOBERTURASOLO_coverage10.1.csv,20260623_222212,2000–2024
2007,3. Farming,3. Agropecuária,Agropecuária,239942061.28,Brasil,Brasil (nacional),1,10.1,hectares,SILVER,MAPBIOMAS_USOECOBERTURASOLO_coverage10.1.csv,20260623_222212,2000–2024
2007,4. Non vegetated area,4. Área Não Vegetada,Área Não Vegetada,4998155.67,Brasil,Brasil (nacional),1,10.1,hectares,SILVER,MAPBIOMAS_USOECOBERTURASOLO_coverage10.1.csv,20260623_222212,2000–2024
2007,5. Water and Marine Environment,5. Água e Ambiente Marinho,Água,18977547.74,Brasil,Brasil (nacional),1,10.1,hectares,SILVER,MAPBIOMAS_USOECOBERTURASOLO_coverage10.1.csv,20260623_222212,2000–2024
2007,6. Not Observed,6. Não Observado,Não Observado,3720.82,Brasil,Brasil (nacional),1,10.1,hectares,SILVER,MAPBIOMAS_USOECOBERTURASOLO_coverage10.1.csv,20260623_222212,2000–2024
2008,1. Forest,1. Floresta,Vegetação Nativa,535395816.44,Brasil,Brasil (nacional),1,10.1,hectares,SILVER,MAPBIOMAS_USOECOBERTURASOLO_coverage10.1.csv,20260623_222212,2000–2024
2008,2. Non Forest Natural Formation,2. Formação Natural Não Florestal,Vegetação Nativa,49423922.62,Brasil,Brasil (nacional),1,10.1,hectares,SILVER,MAPBIOMAS_USOECOBERTURASOLO_coverage10.1.csv,20260623_222212,2000–2024
2008,3. Farming,3. Agropecuária,Agropecuária,241942476.43,Brasil,Brasil (nacional),1,10.1,hectares,SILVER,MAPBIOMAS_USOECOBERTURASOLO_coverage10.1.csv,20260623_222212,2000–2024
2008,4. Non vegetated area,4. Área Não Vegetada,Área Não Vegetada,5063376.65,Brasil,Brasil (nacional),1,10.1,hectares,SILVER,MAPBIOMAS_USOECOBERTURASOLO_coverage10.1.csv,20260623_222212,2000–2024
2008,5. Water and Marine Environment,5. Água e Ambiente Marinho,Água,18854929.32,Brasil,Brasil (nacional),1,10.1,hectares,SILVER,MAPBIOMAS_USOECOBERTURASOLO_coverage10.1.csv,20260623_222212,2000–2024
2008,6. Not Observed,6. Não Observado,Não Observado,4087.25,Brasil,Brasil (nacional),1,10.1,hectares,SILVER,MAPBIOMAS_USOECOBERTURASOLO_coverage10.1.csv,20260623_222212,2000–2024
2009,1. Forest,1. Floresta,Vegetação Nativa,534145201.62,Brasil,Brasil (nacional),1,10.1,hectares,SILVER,MAPBIOMAS_USOECOBERTURASOLO_coverage10.1.csv,20260623_222212,2000–2024
2009,2. Non Forest Natural Formation,2. Formação Natural Não Florestal,Vegetação Nativa,49748834.64,Brasil,Brasil (nacional),1,10.1,hectares,SILVER,MAPBIOMAS_USOECOBERTURASOLO_coverage10.1.csv,20260623_222212,2000–2024
2009,3. Farming,3. Agropecuária,Agropecuária,243211033.28,Brasil,Brasil (nacional),1,10.1,hectares,SILVER,MAPBIOMAS_USOECOBERTURASOLO_coverage10.1.csv,20260623_222212,2000–2024
2009,4. Non vegetated area,4. Área Não Vegetada,Área Não Vegetada,5129339.18,Brasil,Brasil (nacional),1,10.1,hectares,SILVER,MAPBIOMAS_USOECOBERTURASOLO_coverage10.1.csv,20260623_222212,2000–2024
2009,5. Water and Marine Environment,5. Água e Ambiente Marinho,Água,18445252.56,Brasil,Brasil (nacional),1,10.1,hectares,SILVER,MAPBIOMAS_USOECOBERTURASOLO_coverage10.1.csv,20260623_222212,2000–2024
2009,6. Not Observed,6. Não Observado,Não Observado,4947.43,Brasil,Brasil (nacional),1,10.1,hectares,SILVER,MAPBIOMAS_USOECOBERTURASOLO_coverage10.1.csv,20260623_222212,2000–2024
2010,1. Forest,1. Floresta,Vegetação Nativa,533346940.42,Brasil,Brasil (nacional),1,10.1,hectares,SILVER,MAPBIOMAS_USOECOBERTURASOLO_coverage10.1.csv,20260623_222212,2000–2024
2010,2. Non Forest Natural Formation,2. Formação Natural Não Florestal,Vegetação Nativa,49701830.66,Brasil,Brasil (nacional),1,10.1,hectares,SILVER,MAPBIOMAS_USOECOBERTURASOLO_coverage10.1.csv,20260623_222212,2000–2024
2010,3. Farming,3. Agropecuária,Agropecuária,244305883.21,Brasil,Brasil (nacional),1,10.1,hectares,SILVER,MAPBIOMAS_USOECOBERTURASOLO_coverage10.1.csv,20260623_222212,2000–2024
2010,4. Non vegetated area,4. Área Não Vegetada,Área Não Vegetada,5165460.67,Brasil,Brasil (nacional),1,10.1,hectares,SILVER,MAPBIOMAS_USOECOBERTURASOLO_coverage10.1.csv,20260623_222212,2000–2024
2010,5. Water and Marine Environment,5. Água e Ambiente Marinho,Água,18159809.88,Brasil,Brasil (nacional),1,10.1,hectares,SILVER,MAPBIOMAS_USOECOBERTURASOLO_coverage10.1.csv,20260623_222212,2000–2024
2010,6. Not Observed,6. Não Observado,Não Observado,4683.87,Brasil,Brasil (nacional),1,10.1,hectares,SILVER,MAPBIOMAS_USOECOBERTURASOLO_coverage10.1.csv,20260623_222212,2000–2024
2011,1. Forest,1. Floresta,Vegetação Nativa,532385357.4,Brasil,Brasil (nacional),1,10.1,hectares,SILVER,MAPBIOMAS_USOECOBERTURASOLO_coverage10.1.csv,20260623_222212,2000–2024
2011,2. Non Forest Natural Formation,2. Formação Natural Não Florestal,Vegetação Nativa,48822036.99,Brasil,Brasil (nacional),1,10.1,hectares,SILVER,MAPBIOMAS_USOECOBERTURASOLO_coverage10.1.csv,20260623_222212,2000–2024
2011,3. Farming,3. Agropecuária,Agropecuária,245463933.75,Brasil,Brasil (nacional),1,10.1,hectares,SILVER,MAPBIOMAS_USOECOBERTURASOLO_coverage10.1.csv,20260623_222212,2000–2024
2011,4. Non vegetated area,4. Área Não Vegetada,Área Não Vegetada,5204846.43,Brasil,Brasil (nacional),1,10.1,hectares,SILVER,MAPBIOMAS_USOECOBERTURASOLO_coverage10.1.csv,20260623_222212,2000–2024
2011,5. Water and Marine Environment,5. Água e Ambiente Marinho,Água,18803439.08,Brasil,Brasil (nacional),1,10.1,hectares,SILVER,MAPBIOMAS_USOECOBERTURASOLO_coverage10.1.csv,20260623_222212,2000–2024
2011,6. Not Observed,6. Não Observado,Não Observado,4995.06,Brasil,Brasil (nacional),1,10.1,hectares,SILVER,MAPBIOMAS_USOECOBERTURASOLO_coverage10.1.csv,20260623_222212,2000–2024
2012,1. Forest,1. Floresta,Vegetação Nativa,531022755.15,Brasil,Brasil (nacional),1,10.1,hectares,SILVER,MAPBIOMAS_USOECOBERTURASOLO_coverage10.1.csv,20260623_222212,2000–2024
2012,2. Non Forest Natural Formation,2. Formação Natural Não Florestal,Vegetação Nativa,49348158.37,Brasil,Brasil (nacional),1,10.1,hectares,SILVER,MAPBIOMAS_USOECOBERTURASOLO_coverage10.1.csv,20260623_222212,2000–2024
2012,3. Farming,3. Agropecuária,Agropecuária,247043034.92,Brasil,Brasil (nacional),1,10.1,hectares,SILVER,MAPBIOMAS_USOECOBERTURASOLO_coverage10.1.csv,20260623_222212,2000–2024
2012,4. Non vegetated area,4. Área Não Vegetada,Área Não Vegetada,5288481.76,Brasil,Brasil (nacional),1,10.1,hectares,SILVER,MAPBIOMAS_USOECOBERTURASOLO_coverage10.1.csv,20260623_222212,2000–2024
2012,5. Water and Marine Environment,5. Água e Ambiente Marinho,Água,17977172.88,Brasil,Brasil (nacional),1,10.1,hectares,SILVER,MAPBIOMAS_USOECOBERTURASOLO_coverage10.1.csv,20260623_222212,2000–2024
2012,6. Not Observed,6. Não Observado,Não Observado,5005.64,Brasil,Brasil (nacional),1,10.1,hectares,SILVER,MAPBIOMAS_USOECOBERTURASOLO_coverage10.1.csv,20260623_222212,2000–2024
2013,1. Forest,1. Floresta,Vegetação Nativa,529313742.3,Brasil,Brasil (nacional),1,10.1,hectares,SILVER,MAPBIOMAS_USOECOBERTURASOLO_coverage10.1.csv,20260623_222212,2000–2024
2013,2. Non Forest Natural Formation,2. Formação Natural Não Florestal,Vegetação Nativa,49091560.29,Brasil,Brasil (nacional),1,10.1,hectares,SILVER,MAPBIOMAS_USOECOBERTURASOLO_coverage10.1.csv,20260623_222212,2000–2024
2013,3. Farming,3. Agropecuária,Agropecuária,249084138.6,Brasil,Brasil (nacional),1,10.1,hectares,SILVER,MAPBIOMAS_USOECOBERTURASOLO_coverage10.1.csv,20260623_222212,2000–2024
2013,4. Non vegetated area,4. Área Não Vegetada,Área Não Vegetada,5412878.3,Brasil,Brasil (nacional),1,10.1,hectares,SILVER,MAPBIOMAS_USOECOBERTURASOLO_coverage10.1.csv,20260623_222212,2000–2024
2013,5. Water and Marine Environment,5. Água e Ambiente Marinho,Água,17777297.34,Brasil,Brasil (nacional),1,10.1,hectares,SILVER,MAPBIOMAS_USOECOBERTURASOLO_coverage10.1.csv,20260623_222212,2000–2024
2013,6. Not Observed,6. Não Observado,Não Observado,4991.89,Brasil,Brasil (nacional),1,10.1,hectares,SILVER,MAPBIOMAS_USOECOBERTURASOLO_coverage10.1.csv,20260623_222212,2000–2024
2014,1. Forest,1. Floresta,Vegetação Nativa,527796039.31,Brasil,Brasil (nacional),1,10.1,hectares,SILVER,MAPBIOMAS_USOECOBERTURASOLO_coverage10.1.csv,20260623_222212,2000–2024
2014,2. Non Forest Natural Formation,2. Formação Natural Não Florestal,Vegetação Nativa,48312958.54,Brasil,Brasil (nacional),1,10.1,hectares,SILVER,MAPBIOMAS_USOECOBERTURASOLO_coverage10.1.csv,20260623_222212,2000–2024
2014,3. Farming,3. Agropecuária,Agropecuária,250733344.01,Brasil,Brasil (nacional),1,10.1,hectares,SILVER,MAPBIOMAS_USOECOBERTURASOLO_coverage10.1.csv,20260623_222212,2000–2024
2014,4. Non vegetated area,4. Área Não Vegetada,Área Não Vegetada,5519908.96,Brasil,Brasil (nacional),1,10.1,hectares,SILVER,MAPBIOMAS_USOECOBERTURASOLO_coverage10.1.csv,20260623_222212,2000–2024
2014,5. Water and Marine Environment,5. Água e Ambiente Marinho,Água,18317661.98,Brasil,Brasil (nacional),1,10.1,hectares,SILVER,MAPBIOMAS_USOECOBERTURASOLO_coverage10.1.csv,20260623_222212,2000–2024
2014,6. Not Observed,6. Não Observado,Não Observado,4695.91,Brasil,Brasil (nacional),1,10.1,hectares,SILVER,MAPBIOMAS_USOECOBERTURASOLO_coverage10.1.csv,20260623_222212,2000–2024
2015,1. Forest,1. Floresta,Vegetação Nativa,526189379.27,Brasil,Brasil (nacional),1,10.1,hectares,SILVER,MAPBIOMAS_USOECOBERTURASOLO_coverage10.1.csv,20260623_222212,2000–2024
2015,2. Non Forest Natural Formation,2. Formação Natural Não Florestal,Vegetação Nativa,48842210.02,Brasil,Brasil (nacional),1,10.1,hectares,SILVER,MAPBIOMAS_USOECOBERTURASOLO_coverage10.1.csv,20260623_222212,2000–2024
2015,3. Farming,3. Agropecuária,Agropecuária,252551560.4,Brasil,Brasil (nacional),1,10.1,hectares,SILVER,MAPBIOMAS_USOECOBERTURASOLO_coverage10.1.csv,20260623_222212,2000–2024
2015,4. Non vegetated area,4. Área Não Vegetada,Área Não Vegetada,5617480.78,Brasil,Brasil (nacional),1,10.1,hectares,SILVER,MAPBIOMAS_USOECOBERTURASOLO_coverage10.1.csv,20260623_222212,2000–2024
2015,5. Water and Marine Environment,5. Água e Ambiente Marinho,Água,17479405.1,Brasil,Brasil (nacional),1,10.1,hectares,SILVER,MAPBIOMAS_USOECOBERTURASOLO_coverage10.1.csv,20260623_222212,2000–2024
2015,6. Not Observed,6. Não Observado,Não Observado,4573.14,Brasil,Brasil (nacional),1,10.1,hectares,SILVER,MAPBIOMAS_USOECOBERTURASOLO_coverage10.1.csv,20260623_222212,2000–2024
2017,1. Forest,1. Floresta,Vegetação Nativa,523682627.11,Brasil,Brasil (nacional),1,10.1,hectares,SILVER,MAPBIOMAS_USOECOBERTURASOLO_coverage10.1.csv,20260623_222212,2000–2024
2017,2. Non Forest Natural Formation,2. Formação Natural Não Florestal,Vegetação Nativa,48464365.02,Brasil,Brasil (nacional),1,10.1,hectares,SILVER,MAPBIOMAS_USOECOBERTURASOLO_coverage10.1.csv,20260623_222212,2000–2024
2017,3. Farming,3. Agropecuária,Agropecuária,255258621.45,Brasil,Brasil (nacional),1,10.1,hectares,SILVER,MAPBIOMAS_USOECOBERTURASOLO_coverage10.1.csv,20260623_222212,2000–2024
2017,4. Non vegetated area,4. Área Não Vegetada,Área Não Vegetada,5780743.53,Brasil,Brasil (nacional),1,10.1,hectares,SILVER,MAPBIOMAS_USOECOBERTURASOLO_coverage10.1.csv,20260623_222212,2000–2024
2017,5. Water and Marine Environment,5. Água e Ambiente Marinho,Água,17493749.25,Brasil,Brasil (nacional),1,10.1,hectares,SILVER,MAPBIOMAS_USOECOBERTURASOLO_coverage10.1.csv,20260623_222212,2000–2024
2017,6. Not Observed,6. Não Observado,Não Observado,4502.35,Brasil,Brasil (nacional),1,10.1,hectares,SILVER,MAPBIOMAS_USOECOBERTURASOLO_coverage10.1.csv,20260623_222212,2000–2024
2016,1. Forest,1. Floresta,Vegetação Nativa,524748443.04,Brasil,Brasil (nacional),1,10.1,hectares,SILVER,MAPBIOMAS_USOECOBERTURASOLO_coverage10.1.csv,20260623_222212,2000–2024
2016,2. Non Forest Natural Formation,2. Formação Natural Não Florestal,Vegetação Nativa,48957578.09,Brasil,Brasil (nacional),1,10.1,hectares,SILVER,MAPBIOMAS_USOECOBERTURASOLO_coverage10.1.csv,20260623_222212,2000–2024
2016,3. Farming,3. Agropecuária,Agropecuária,254028581.93,Brasil,Brasil (nacional),1,10.1,hectares,SILVER,MAPBIOMAS_USOECOBERTURASOLO_coverage10.1.csv,20260623_222212,2000–2024
2016,4. Non vegetated area,4. Área Não Vegetada,Área Não Vegetada,5711714.81,Brasil,Brasil (nacional),1,10.1,hectares,SILVER,MAPBIOMAS_USOECOBERTURASOLO_coverage10.1.csv,20260623_222212,2000–2024
2016,5. Water and Marine Environment,5. Água e Ambiente Marinho,Água,17233730.37,Brasil,Brasil (nacional),1,10.1,hectares,SILVER,MAPBIOMAS_USOECOBERTURASOLO_coverage10.1.csv,20260623_222212,2000–2024
2016,6. Not Observed,6. Não Observado,Não Observado,4560.48,Brasil,Brasil (nacional),1,10.1,hectares,SILVER,MAPBIOMAS_USOECOBERTURASOLO_coverage10.1.csv,20260623_222212,2000–2024
2018,1. Forest,1. Floresta,Vegetação Nativa,522636215.88,Brasil,Brasil (nacional),1,10.1,hectares,SILVER,MAPBIOMAS_USOECOBERTURASOLO_coverage10.1.csv,20260623_222212,2000–2024
2018,2. Non Forest Natural Formation,2. Formação Natural Não Florestal,Vegetação Nativa,47870804.43,Brasil,Brasil (nacional),1,10.1,hectares,SILVER,MAPBIOMAS_USOECOBERTURASOLO_coverage10.1.csv,20260623_222212,2000–2024
2018,3. Farming,3. Agropecuária,Agropecuária,256319898.48,Brasil,Brasil (nacional),1,10.1,hectares,SILVER,MAPBIOMAS_USOECOBERTURASOLO_coverage10.1.csv,20260623_222212,2000–2024
2018,4. Non vegetated area,4. Área Não Vegetada,Área Não Vegetada,5860829.32,Brasil,Brasil (nacional),1,10.1,hectares,SILVER,MAPBIOMAS_USOECOBERTURASOLO_coverage10.1.csv,20260623_222212,2000–2024
2018,5. Water and Marine Environment,5. Água e Ambiente Marinho,Água,17992335.51,Brasil,Brasil (nacional),1,10.1,hectares,SILVER,MAPBIOMAS_USOECOBERTURASOLO_coverage10.1.csv,20260623_222212,2000–2024
2018,6. Not Observed,6. Não Observado,Não Observado,4525.09,Brasil,Brasil (nacional),1,10.1,hectares,SILVER,MAPBIOMAS_USOECOBERTURASOLO_coverage10.1.csv,20260623_222212,2000–2024
2019,1. Forest,1. Floresta,Vegetação Nativa,520556717.73,Brasil,Brasil (nacional),1,10.1,hectares,SILVER,MAPBIOMAS_USOECOBERTURASOLO_coverage10.1.csv,20260623_222212,2000–2024
2019,2. Non Forest Natural Formation,2. Formação Natural Não Florestal,Vegetação Nativa,48059060.08,Brasil,Brasil (nacional),1,10.1,hectares,SILVER,MAPBIOMAS_USOECOBERTURASOLO_coverage10.1.csv,20260623_222212,2000–2024
2019,3. Farming,3. Agropecuária,Agropecuária,258537951.58,Brasil,Brasil (nacional),1,10.1,hectares,SILVER,MAPBIOMAS_USOECOBERTURASOLO_coverage10.1.csv,20260623_222212,2000–2024
2019,4. Non vegetated area,4. Área Não Vegetada,Área Não Vegetada,5943594.89,Brasil,Brasil (nacional),1,10.1,hectares,SILVER,MAPBIOMAS_USOECOBERTURASOLO_coverage10.1.csv,20260623_222212,2000–2024
2019,5. Water and Marine Environment,5. Água e Ambiente Marinho,Água,17582669.67,Brasil,Brasil (nacional),1,10.1,hectares,SILVER,MAPBIOMAS_USOECOBERTURASOLO_coverage10.1.csv,20260623_222212,2000–2024
2019,6. Not Observed,6. Não Observado,Não Observado,4614.76,Brasil,Brasil (nacional),1,10.1,hectares,SILVER,MAPBIOMAS_USOECOBERTURASOLO_coverage10.1.csv,20260623_222212,2000–2024
2020,1. Forest,1. Floresta,Vegetação Nativa,518260514.26,Brasil,Brasil (nacional),1,10.1,hectares,SILVER,MAPBIOMAS_USOECOBERTURASOLO_coverage10.1.csv,20260623_222212,2000–2024
2020,2. Non Forest Natural Formation,2. Formação Natural Não Florestal,Vegetação Nativa,48223494.03,Brasil,Brasil (nacional),1,10.1,hectares,SILVER,MAPBIOMAS_USOECOBERTURASOLO_coverage10.1.csv,20260623_222212,2000–2024
2020,3. Farming,3. Agropecuária,Agropecuária,260832481.32,Brasil,Brasil (nacional),1,10.1,hectares,SILVER,MAPBIOMAS_USOECOBERTURASOLO_coverage10.1.csv,20260623_222212,2000–2024
2020,4. Non vegetated area,4. Área Não Vegetada,Área Não Vegetada,6080222.24,Brasil,Brasil (nacional),1,10.1,hectares,SILVER,MAPBIOMAS_USOECOBERTURASOLO_coverage10.1.csv,20260623_222212,2000–2024
2020,5. Water and Marine Environment,5. Água e Ambiente Marinho,Água,17283175.28,Brasil,Brasil (nacional),1,10.1,hectares,SILVER,MAPBIOMAS_USOECOBERTURASOLO_coverage10.1.csv,20260623_222212,2000–2024
2020,6. Not Observed,6. Não Observado,Não Observado,4721.58,Brasil,Brasil (nacional),1,10.1,hectares,SILVER,MAPBIOMAS_USOECOBERTURASOLO_coverage10.1.csv,20260623_222212,2000–2024
2021,1. Forest,1. Floresta,Vegetação Nativa,515418135.0,Brasil,Brasil (nacional),1,10.1,hectares,SILVER,MAPBIOMAS_USOECOBERTURASOLO_coverage10.1.csv,20260623_222212,2000–2024
2021,2. Non Forest Natural Formation,2. Formação Natural Não Florestal,Vegetação Nativa,47877667.81,Brasil,Brasil (nacional),1,10.1,hectares,SILVER,MAPBIOMAS_USOECOBERTURASOLO_coverage10.1.csv,20260623_222212,2000–2024
2021,3. Farming,3. Agropecuária,Agropecuária,263853490.39,Brasil,Brasil (nacional),1,10.1,hectares,SILVER,MAPBIOMAS_USOECOBERTURASOLO_coverage10.1.csv,20260623_222212,2000–2024
2021,4. Non vegetated area,4. Área Não Vegetada,Área Não Vegetada,6199216.82,Brasil,Brasil (nacional),1,10.1,hectares,SILVER,MAPBIOMAS_USOECOBERTURASOLO_coverage10.1.csv,20260623_222212,2000–2024
2021,5. Water and Marine Environment,5. Água e Ambiente Marinho,Água,17332656.14,Brasil,Brasil (nacional),1,10.1,hectares,SILVER,MAPBIOMAS_USOECOBERTURASOLO_coverage10.1.csv,20260623_222212,2000–2024
2021,6. Not Observed,6. Não Observado,Não Observado,3442.54,Brasil,Brasil (nacional),1,10.1,hectares,SILVER,MAPBIOMAS_USOECOBERTURASOLO_coverage10.1.csv,20260623_222212,2000–2024
2022,1. Forest,1. Floresta,Vegetação Nativa,512199109.12,Brasil,Brasil (nacional),1,10.1,hectares,SILVER,MAPBIOMAS_USOECOBERTURASOLO_coverage10.1.csv,20260623_222212,2000–2024
2022,2. Non Forest Natural Formation,2. Formação Natural Não Florestal,Vegetação Nativa,46525588.23,Brasil,Brasil (nacional),1,10.1,hectares,SILVER,MAPBIOMAS_USOECOBERTURASOLO_coverage10.1.csv,20260623_222212,2000–2024
2022,3. Farming,3. Agropecuária,Agropecuária,267037547.83,Brasil,Brasil (nacional),1,10.1,hectares,SILVER,MAPBIOMAS_USOECOBERTURASOLO_coverage10.1.csv,20260623_222212,2000–2024
2022,4. Non vegetated area,4. Área Não Vegetada,Área Não Vegetada,6307603.59,Brasil,Brasil (nacional),1,10.1,hectares,SILVER,MAPBIOMAS_USOECOBERTURASOLO_coverage10.1.csv,20260623_222212,2000–2024
2022,5. Water and Marine Environment,5. Água e Ambiente Marinho,Água,18611285.34,Brasil,Brasil (nacional),1,10.1,hectares,SILVER,MAPBIOMAS_USOECOBERTURASOLO_coverage10.1.csv,20260623_222212,2000–2024
2022,6. Not Observed,6. Não Observado,Não Observado,3474.61,Brasil,Brasil (nacional),1,10.1,hectares,SILVER,MAPBIOMAS_USOECOBERTURASOLO_coverage10.1.csv,20260623_222212,2000–2024
2023,1. Forest,1. Floresta,Vegetação Nativa,508872924.01,Brasil,Brasil (nacional),1,10.1,hectares,SILVER,MAPBIOMAS_USOECOBERTURASOLO_coverage10.1.csv,20260623_222212,2000–2024
2023,2. Non Forest Natural Formation,2. Formação Natural Não Florestal,Vegetação Nativa,46500627.93,Brasil,Brasil (nacional),1,10.1,hectares,SILVER,MAPBIOMAS_USOECOBERTURASOLO_coverage10.1.csv,20260623_222212,2000–2024
2023,3. Farming,3. Agropecuária,Agropecuária,270561179.28,Brasil,Brasil (nacional),1,10.1,hectares,SILVER,MAPBIOMAS_USOECOBERTURASOLO_coverage10.1.csv,20260623_222212,2000–2024
2023,4. Non vegetated area,4. Área Não Vegetada,Área Não Vegetada,6432595.43,Brasil,Brasil (nacional),1,10.1,hectares,SILVER,MAPBIOMAS_USOECOBERTURASOLO_coverage10.1.csv,20260623_222212,2000–2024
2023,5. Water and Marine Environment,5. Água e Ambiente Marinho,Água,18313738.68,Brasil,Brasil (nacional),1,10.1,hectares,SILVER,MAPBIOMAS_USOECOBERTURASOLO_coverage10.1.csv,20260623_222212,2000–2024
2023,6. Not Observed,6. Não Observado,Não Observado,3543.38,Brasil,Brasil (nacional),1,10.1,hectares,SILVER,MAPBIOMAS_USOECOBERTURASOLO_coverage10.1.csv,20260623_222212,2000–2024
2024,1. Forest,1. Floresta,Vegetação Nativa,506709993.31,Brasil,Brasil (nacional),1,10.1,hectares,SILVER,MAPBIOMAS_USOECOBERTURASOLO_coverage10.1.csv,20260623_222212,2000–2024
2024,2. Non Forest Natural Formation,2. Formação Natural Não Florestal,Vegetação Nativa,46595155.45,Brasil,Brasil (nacional),1,10.1,hectares,SILVER,MAPBIOMAS_USOECOBERTURASOLO_coverage10.1.csv,20260623_222212,2000–2024
2024,3. Farming,3. Agropecuária,Agropecuária,273169047.07,Brasil,Brasil (nacional),1,10.1,hectares,SILVER,MAPBIOMAS_USOECOBERTURASOLO_coverage10.1.csv,20260623_222212,2000–2024
2024,4. Non vegetated area,4. Área Não Vegetada,Área Não Vegetada,6616517.51,Brasil,Brasil (nacional),1,10.1,hectares,SILVER,MAPBIOMAS_USOECOBERTURASOLO_coverage10.1.csv,20260623_222212,2000–2024
2024,5. Water and Marine Environment,5. Água e Ambiente Marinho,Água,17590233.23,Brasil,Brasil (nacional),1,10.1,hectares,SILVER,MAPBIOMAS_USOECOBERTURASOLO_coverage10.1.csv,20260623_222212,2000–2024
2024,6. Not Observed,6. Não Observado,Não Observado,3662.14,Brasil,Brasil (nacional),1,10.1,hectares,SILVER,MAPBIOMAS_USOECOBERTURASOLO_coverage10.1.csv,20260623_222212,2000–2024
